{
    "negative": 80.51515151515152,
    "neutral": 85.75,
    "positive": 84.54285714285714
}